{
  "sequence": "CATCCAGGTTGAGUCCCGCUUACCAUUGCAUUUAAGAAAGAGGCCAUACGCCGCUAAGACCCUACUCUUCAGAAUACCAGCAGGTCTGAC",
  "structs": "......(((.((((...)))))))..............((.(((.....))).)).............(((((...((....))))))).",
  "inclusion": {
    "pos_8": 0.010235704481601715,
    "pos_9": 0.010802881278704855,
    "pos_10": 0.01419030535488291,
    "pos_11": 0.09663151944096837,
    "pos_12": 0.08639581495936666,
    "pos_13": 0.06496870494120367,
    "pos_14": 0.41095471887029356,
    "pos_15": 0.49750468034156603,
    "pos_16": 0.7563425560649163,
    "pos_17": 1.0881931230504491,
    "pos_18": 1.0254015705042305,
    "pos_19": 0.44515270971596993,
    "pos_20": 0.010101933242963343,
    "pos_21": 0.006706142077432661,
    "pos_22": 0.0997469671643112,
    "pos_23": 0.5116245626632251,
    "pos_24": 0.6179653716071559,
    "pos_25": 0.26087980371178543,
    "pos_26": 0.20847522505849306,
    "pos_27": 0.22073429810472223,
    "pos_28": 0.21378907460803434,
    "pos_29": 0.24567592207071579,
    "pos_30": 0.24408249653519729,
    "pos_31": 0.014851045538611569,
    "pos_32": 0.007260936219375402,
    "pos_33": 0.0002631542447488755,
    "pos_34": 0.8939960632962818,
    "pos_35": 0.9077670667864923,
    "pos_36": 1.3370781559323128,
    "pos_37": 1.3585041965238063,
    "pos_38": 1.1390003136983826,
    "pos_39": 1.0236019412413062,
    "pos_40": 1.9662953940383934,
    "pos_41": 2.3882705498747963,
    "pos_42": 0.7338514761443865,
    "pos_43": 0.69136655268811,
    "pos_44": 0.7491236063577278,
    "pos_45": 0.1776600311978207,
    "pos_46": 0.15819742077123464,
    "pos_47": 0.033290483138801584,
    "pos_48": 0.030401647113853743,
    "pos_49": 1.0909575295100482,
    "pos_50": 1.8416299938676404,
    "pos_51": 3.7271068496529316,
    "pos_52": 3.2693668675633756,
    "pos_53": 1.7309515637198338,
    "pos_54": 0.6811032892698692,
    "pos_55": 0.14359642197081138,
    "pos_56": 0.42781218658179776,
    "pos_57": 0.3305841525007094,
    "pos_58": 1.7582495684290131,
    "pos_59": 1.5872519090636772,
    "pos_60": 0.02453311898452368,
    "pos_61": 0.037474749151923815,
    "pos_62": 0.4260400296920125,
    "pos_63": 0.41645093360699925,
    "pos_64": 0.4119362666349237,
    "pos_65": 0.40356790348111343,
    "pos_66": 0.006890543542491899,
    "pos_67": 1.9589953796976867,
    "pos_68": 1.9533383116708136,
    "pos_69": 1.9535045847492323,
    "pos_70": 2.2749762060417678,
    "pos_71": 2.3072095027298607,
    "pos_72": 0.9187047324631978,
    "pos_73": 0.9121169765943763,
    "pos_74": 0.6103659242000935,
    "pos_75": 0.0012118263315091127,
    "pos_76": 0.021416103662285788,
    "pos_77": 0.2638509480979117,
    "pos_78": 0.2634892687811192,
    "pos_79": 0.14360171903625243,
    "pos_80": 0.14312140985072352,
    "pos_81": 0.1220669855052302,
    "pos_82": 0.1220669855052302,
    "pos_83": 0.003658582456409931,
    "pos_84": 0.003658582456409931
  },
  "skipping": {
    "pos_1": 0.01128118671476841,
    "pos_2": 0.00824780160188044,
    "pos_3": 0.002267586998641491,
    "pos_4": 0.003082558512687683,
    "pos_5": 0.006975869349162167,
    "pos_6": 0.018067505676299334,
    "pos_7": 0.09764275903648922,
    "pos_8": 0.7977068374915461,
    "pos_9": 0.41273388455037324,
    "pos_10": 0.5917895560360601,
    "pos_11": 0.6973947799310362,
    "pos_12": 0.7268406319687716,
    "pos_13": 0.869395402392913,
    "pos_14": 0.538826118771943,
    "pos_15": 0.3056455985333893,
    "pos_16": 0.3054790409360824,
    "pos_17": 0.30767661343187597,
    "pos_18": 0.13803721527918553,
    "pos_19": 0.31272140870820575,
    "pos_20": 0.6563257417210887,
    "pos_21": 0.6210035276183689,
    "pos_22": 0.6728594489417834,
    "pos_23": 0.40269206116686296,
    "pos_24": 0.42542694294957223,
    "pos_25": 0.2805247697979574,
    "pos_26": 1.2898169661193224,
    "pos_27": 1.2882809378262092,
    "pos_28": 1.3896238633112754,
    "pos_29": 1.137351136538708,
    "pos_30": 0.6840991254779413,
    "pos_31": 1.3444741168165721,
    "pos_32": 1.9619459391815965,
    "pos_33": 3.2177851304958742,
    "pos_34": 2.4366032473907726,
    "pos_35": 1.98454484651337,
    "pos_36": 0.4181658419474113,
    "pos_37": 0.5132319737900483,
    "pos_38": 0.5728635943547494,
    "pos_39": 0.5748178750675799,
    "pos_40": 0.5363417680979312,
    "pos_41": 0.367503473345703,
    "pos_42": 0.45842906431291763,
    "pos_43": 0.39998237708647666,
    "pos_44": 0.10401218036023291,
    "pos_45": 0.08873908372338007,
    "pos_46": 0.31385888604248346,
    "pos_47": 0.3857999720170252,
    "pos_48": 0.37512183248558856,
    "pos_49": 0.19217026359584646,
    "pos_50": 0.02677265081119598,
    "pos_51": 0.04700353045898216,
    "pos_52": 0.06645212355893229,
    "pos_53": 0.1173649572223983,
    "pos_54": 0.23258960108942375,
    "pos_55": 1.9170028110677622,
    "pos_56": 2.0728960512503622,
    "pos_57": 2.0835179459911726,
    "pos_58": 0.3879036162847838,
    "pos_59": 0.49298799356048156,
    "pos_60": 0.44906301638715573,
    "pos_61": 0.4649454288047802,
    "pos_62": 0.384734009755745,
    "pos_63": 0.3462049611799054,
    "pos_64": 0.6121058951614629,
    "pos_65": 0.6280479288693386,
    "pos_66": 0.5484303258275253,
    "pos_67": 0.3204642154898201,
    "pos_68": 0.3243901595100748,
    "pos_69": 0.31426836915952716,
    "pos_70": 0.4800478124692815,
    "pos_71": 0.4122791106385919,
    "pos_72": 0.3193941040235707,
    "pos_73": 0.3905687546721963,
    "pos_74": 0.5392809453298898,
    "pos_75": 0.545486870136194,
    "pos_76": 0.4298112210224348,
    "pos_77": 0.27104740775788183,
    "pos_78": 0.25839902922052416,
    "pos_79": 0.06484368307536481,
    "pos_80": 0.08038758813845838,
    "pos_81": 0.09103499219340894,
    "pos_82": 1.5685527917085211,
    "pos_83": 0.15816413087183503,
    "pos_84": 0.04979561657752254,
    "pos_85": 0.01312266094367495,
    "pos_86": 0.0015043812227766296,
    "pos_87": 0.00894874949244695,
    "pos_89": 0.05730910762486019,
    "pos_90": 2.211648121372427
  },
  "metadata": {
    "total_positions": 77,
    "sum_inclusion_strength": 53.050194027708436,
    "sum_skipping_strength": 51.03498101394865
  }
}