{
  "sequence": "CATCCAGGTTGAGUCCCGCUUACCAUUGCAUUUAAGAAAGCGGCCAUACGCCGCUAAGACCCUACUCUUCAGAAUACCAGCAGGTCTGAC",
  "structs": "......(((.((((...)))))))..............((((((.....)))))).............(((((...((....))))))).",
  "inclusion": {
    "pos_8": 0.010235704481601715,
    "pos_9": 0.010802881278704855,
    "pos_10": 0.01419030535488291,
    "pos_11": 0.09663151944096837,
    "pos_12": 0.08639581495936666,
    "pos_13": 0.06496870494120367,
    "pos_14": 0.41095471887029356,
    "pos_15": 0.49750468034156603,
    "pos_16": 0.7563425560649163,
    "pos_17": 1.0881931230504491,
    "pos_18": 1.0254015705042305,
    "pos_19": 0.44515270971596993,
    "pos_20": 0.010101933242963343,
    "pos_21": 0.006706142077432661,
    "pos_22": 0.0997469671643112,
    "pos_23": 0.5116245626632251,
    "pos_24": 0.6179653716071559,
    "pos_25": 0.26087980371178543,
    "pos_26": 0.20847522505849306,
    "pos_27": 0.22073429810472223,
    "pos_28": 0.21378907460803434,
    "pos_29": 0.24567592207071579,
    "pos_30": 0.24408249653519729,
    "pos_31": 0.014851045538611569,
    "pos_32": 0.007260936219375402,
    "pos_33": 0.0002631542447488755,
    "pos_34": 0.8939960632962818,
    "pos_35": 0.9077670667864923,
    "pos_36": 1.3791793332673221,
    "pos_37": 1.3831268123607725,
    "pos_38": 0.13224813625386156,
    "pos_39": 0.03707250699471525,
    "pos_40": 1.0160528971350473,
    "pos_41": 1.2737056134837685,
    "pos_42": 1.3932531589188608,
    "pos_43": 1.3789273947162421,
    "pos_44": 0.6177342831339508,
    "pos_45": 0.1818706024129983,
    "pos_46": 0.15819742077123464,
    "pos_47": 0.033290483138801584,
    "pos_48": 0.030401647113853743,
    "pos_49": 1.0909575295100482,
    "pos_50": 1.8416299938676404,
    "pos_51": 3.7271068496529316,
    "pos_52": 3.2693668675633756,
    "pos_53": 1.7309515637198338,
    "pos_54": 0.6811032892698692,
    "pos_55": 0.14359642197081138,
    "pos_56": 0.42781218658179776,
    "pos_57": 0.3305841525007094,
    "pos_58": 1.7582495684290131,
    "pos_59": 1.5872519090636772,
    "pos_60": 0.02453311898452368,
    "pos_61": 0.037474749151923815,
    "pos_62": 0.4260400296920125,
    "pos_63": 0.41645093360699925,
    "pos_64": 0.4119362666349237,
    "pos_65": 0.40356790348111343,
    "pos_66": 0.006890543542491899,
    "pos_67": 1.9589953796976867,
    "pos_68": 1.9533383116708136,
    "pos_69": 1.9535045847492323,
    "pos_70": 2.2749762060417678,
    "pos_71": 2.3072095027298607,
    "pos_72": 0.9187047324631978,
    "pos_73": 0.9121169765943763,
    "pos_74": 0.6103659242000935,
    "pos_75": 0.0012118263315091127,
    "pos_76": 0.021416103662285788,
    "pos_77": 0.2638509480979117,
    "pos_78": 0.2634892687811192,
    "pos_79": 0.14360171903625243,
    "pos_80": 0.14312140985072352,
    "pos_81": 0.1220669855052302,
    "pos_82": 0.1220669855052302,
    "pos_83": 0.003658582456409931,
    "pos_84": 0.003658582456409931
  },
  "skipping": {
    "pos_1": 0.01128118671476841,
    "pos_2": 0.00824780160188044,
    "pos_3": 0.002267586998641491,
    "pos_4": 0.003082558512687683,
    "pos_5": 0.006975869349162167,
    "pos_6": 0.018067505676299334,
    "pos_7": 0.09764275903648922,
    "pos_8": 0.7977068374915461,
    "pos_9": 0.41273388455037324,
    "pos_10": 0.5917895560360601,
    "pos_11": 0.6973947799310362,
    "pos_12": 0.7268406319687716,
    "pos_13": 0.869395402392913,
    "pos_14": 0.538826118771943,
    "pos_15": 0.3056455985333893,
    "pos_16": 0.3054790409360824,
    "pos_17": 0.30767661343187597,
    "pos_18": 0.13803721527918553,
    "pos_19": 0.31272140870820575,
    "pos_20": 0.6563257417210887,
    "pos_21": 0.6210035276183689,
    "pos_22": 0.6728594489417834,
    "pos_23": 0.40269206116686296,
    "pos_24": 0.42552279561579626,
    "pos_25": 0.2806684764490514,
    "pos_26": 1.2900640593395638,
    "pos_27": 1.2887894602470205,
    "pos_28": 1.3909219874836898,
    "pos_29": 1.1386020396802374,
    "pos_30": 0.6853500286194708,
    "pos_31": 1.3457634814849577,
    "pos_32": 1.9636936624817616,
    "pos_33": 3.2195328537960393,
    "pos_34": 2.438424258575332,
    "pos_35": 1.9819608610519823,
    "pos_36": 0.4060179428783641,
    "pos_37": 0.4192723774719938,
    "pos_38": 0.382214939834179,
    "pos_39": 0.38396269410421524,
    "pos_40": 0.3608442090824057,
    "pos_41": 0.1539908720210212,
    "pos_42": 0.15508467901221792,
    "pos_43": 0.16383302260943353,
    "pos_44": 0.11357126887442089,
    "pos_45": 0.09666594583801918,
    "pos_46": 0.32270757571744413,
    "pos_47": 0.39497310719808604,
    "pos_48": 0.38429547691279864,
    "pos_49": 0.20142590825939394,
    "pos_50": 0.1910737307621812,
    "pos_51": 0.8692684069811534,
    "pos_52": 1.67383912691349,
    "pos_53": 2.3441202988786167,
    "pos_54": 2.6032999109846466,
    "pos_55": 4.287639459424213,
    "pos_56": 4.442686619295549,
    "pos_57": 4.45321856938563,
    "pos_58": 2.7575001290921635,
    "pos_59": 2.8625509934041027,
    "pos_60": 2.8186370668698304,
    "pos_61": 2.8326421151282033,
    "pos_62": 2.752021677972709,
    "pos_63": 2.7138232489108582,
    "pos_64": 2.9855730345392417,
    "pos_65": 2.857596285559271,
    "pos_66": 1.9705481634139623,
    "pos_67": 0.9554898631447208,
    "pos_68": 0.33472119526153365,
    "pos_69": 0.324599404910986,
    "pos_70": 0.490369169590582,
    "pos_71": 0.4226004677598924,
    "pos_72": 0.3297119352352139,
    "pos_73": 0.4006811910719113,
    "pos_74": 0.5491928381825667,
    "pos_75": 0.5554299267806864,
    "pos_76": 0.43971857777926027,
    "pos_77": 0.28095476451470736,
    "pos_78": 0.2683063859773497,
    "pos_79": 0.06484368307536481,
    "pos_80": 0.08038758813845838,
    "pos_81": 0.09103499219340894,
    "pos_82": 1.5685527917085211,
    "pos_83": 0.15816413087183503,
    "pos_84": 0.04979561657752254,
    "pos_85": 0.01312266094367495,
    "pos_86": 0.0015043812227766296,
    "pos_87": 0.00894874949244695,
    "pos_89": 0.05730910762486019,
    "pos_90": 2.211648121372427
  },
  "metadata": {
    "total_positions": 77,
    "sum_inclusion_strength": 50.27861254868893,
    "sum_skipping_strength": 84.96597350095485
  }
}